id,happiness
8001,3.8399417
8002,3.0649517
8003,3.223807
8004,4.319026
8005,3.4436874
8006,4.008797
8007,3.871394
8008,4.373785
8009,4.070466
8010,3.0894387
8011,3.3667665
8012,3.8547313
8013,4.1712427
8014,3.8052132
8015,3.7938173
8016,4.197099
8017,3.658628
8018,4.3063126
8019,4.001927
8020,3.9896953
8021,4.0154247
8022,3.903418
8023,4.0475445
8024,3.9381452
8025,3.1429834
8026,4.0781736
8027,4.163589
8028,4.0059004
8029,4.254673
8030,4.105158
8031,3.796388
8032,3.9222548
8033,4.15757
8034,3.5529177
8035,3.4348774
8036,4.358616
8037,4.0892
8038,4.0439725
8039,3.6446557
8040,4.197448
8041,4.24096
8042,3.596778
8043,3.7900016
8044,3.7077901
8045,4.2399397
8046,3.9541914
8047,4.117342
8048,4.0528283
8049,3.930023
8050,4.2236776
8051,3.5368986
8052,4.0136557
8053,2.8954458
8054,3.81329
8055,4.2792683
8056,2.9372618
8057,3.744414
8058,3.0765185
8059,3.1897624
8060,4.1582236
8061,3.0428965
8062,3.6542962
8063,3.813361
8064,4.071035
8065,4.094088
8066,4.394082
8067,3.933525
8068,4.064044
8069,3.7440937
8070,3.894669
8071,3.9321268
8072,4.236197
8073,3.8226793
8074,3.8899615
8075,2.8190093
8076,3.7968915
8077,3.5955884
8078,3.8079748
8079,4.356765
8080,3.8107617
8081,3.9383066
8082,3.7935374
8083,4.1802382
8084,4.171726
8085,4.3591404
8086,4.0143156
8087,3.9117966
8088,4.132455
8089,3.5667443
8090,3.8254273
8091,4.175125
8092,3.9505303
8093,4.160666
8094,4.093751
8095,4.3985925
8096,3.3759646
8097,4.146165
8098,3.6620088
8099,3.7001915
8100,4.1035976
8101,4.1061816
8102,4.1013155
8103,3.4561882
8104,4.3341036
8105,4.0876007
8106,4.1998787
8107,4.218769
8108,3.9960854
8109,3.8960974
8110,3.8355486
8111,4.2541723
8112,3.6969156
8113,3.7069302
8114,4.3023624
8115,4.1209817
8116,4.0061107
8117,3.8439407
8118,3.8705463
8119,3.9582858
8120,4.3163624
8121,3.3783185
8122,4.159073
8123,3.7239377
8124,3.6038487
8125,4.13104
8126,4.3772354
8127,2.249579
8128,3.9760513
8129,3.916563
8130,4.011843
8131,3.7906222
8132,4.182351
8133,4.216399
8134,4.090207
8135,4.0503926
8136,4.171863
8137,4.074889
8138,3.738449
8139,3.765522
8140,2.9558387
8141,4.0678816
8142,3.902473
8143,4.1369066
8144,3.8147495
8145,4.0870733
8146,2.291412
8147,4.040904
8148,3.1930716
8149,3.762028
8150,3.6990583
8151,2.772177
8152,4.167934
8153,3.6589375
8154,3.8582394
8155,3.8519213
8156,3.6409812
8157,3.6981797
8158,3.6506207
8159,4.1446133
8160,4.137702
8161,3.522663
8162,4.0321884
8163,3.8114564
8164,3.9809601
8165,4.051734
8166,4.221572
8167,3.7095282
8168,3.0928288
8169,3.2287269
8170,4.031452
8171,3.7978437
8172,3.8798563
8173,3.7089772
8174,3.845927
8175,3.8583999
8176,4.1930065
8177,2.9307404
8178,4.145253
8179,4.1551304
8180,3.341443
8181,3.6174269
8182,3.9361892
8183,3.7703438
8184,3.6649885
8185,3.8612661
8186,3.7628126
8187,4.1699467
8188,3.8217537
8189,4.146888
8190,4.1765804
8191,3.821615
8192,3.9580069
8193,3.776119
8194,3.9073405
8195,4.3112593
8196,3.0442421
8197,4.085721
8198,4.1769485
8199,4.187854
8200,4.6074195
8201,3.5216072
8202,4.098798
8203,3.8349025
8204,4.033219
8205,4.239824
8206,3.8395898
8207,3.8100832
8208,3.9537735
8209,4.0482936
8210,3.7256947
8211,3.8358493
8212,4.176111
8213,4.1938663
8214,3.9066784
8215,3.659483
8216,3.7320178
8217,3.5246706
8218,3.769689
8219,3.917482
8220,4.19384
8221,4.3995757
8222,3.7041655
8223,3.0250373
8224,3.9891183
8225,4.09416
8226,3.9536295
8227,4.3186407
8228,3.584547
8229,4.1727676
8230,3.3258314
8231,3.9827647
8232,3.9875596
8233,3.9608936
8234,3.8728278
8235,3.6738045
8236,2.8929567
8237,3.383429
8238,3.8456087
8239,3.657245
8240,3.2048306
8241,3.3436625
8242,3.794997
8243,4.4337273
8244,4.0686483
8245,3.3648994
8246,4.026067
8247,3.9960072
8248,3.9712377
8249,4.227022
8250,4.1148434
8251,4.2491517
8252,4.32294
8253,3.8224132
8254,3.6853416
8255,3.7583356
8256,3.5698633
8257,3.9681735
8258,2.9450629
8259,4.1983747
8260,3.8772066
8261,4.1272187
8262,3.5816267
8263,4.0793366
8264,4.111027
8265,4.1342955
8266,3.4865756
8267,3.6719537
8268,4.023154
8269,3.4231927
8270,3.7404132
8271,3.3537781
8272,4.081358
8273,3.6956325
8274,3.8810697
8275,4.186982
8276,4.1223907
8277,3.9334743
8278,3.778818
8279,3.8547661
8280,4.2099514
8281,4.1132264
8282,4.153188
8283,3.9582832
8284,4.183995
8285,3.9252207
8286,2.0259786
8287,4.380212
8288,3.7893527
8289,3.99233
8290,4.2665253
8291,4.182109
8292,4.123769
8293,3.8875985
8294,4.348798
8295,3.7002058
8296,4.1401815
8297,3.649415
8298,4.559179
8299,2.8798065
8300,3.4098854
8301,3.9415092
8302,4.395653
8303,3.9198437
8304,4.0644913
8305,4.1555495
8306,4.5416865
8307,4.026628
8308,4.202443
8309,3.8848777
8310,3.8087637
8311,4.2558656
8312,4.4220524
8313,4.1448035
8314,3.2389042
8315,4.0418315
8316,3.9187193
8317,3.8873625
8318,4.1593814
8319,3.4680579
8320,4.1291313
8321,4.2818108
8322,4.0961733
8323,4.054156
8324,3.6542094
8325,4.102565
8326,4.2495685
8327,3.515405
8328,4.1057625
8329,3.0341914
8330,4.215291
8331,4.2567897
8332,3.7373242
8333,3.4745457
8334,4.2471323
8335,3.5380545
8336,4.010561
8337,3.617761
8338,4.164513
8339,3.854304
8340,3.437929
8341,4.0585814
8342,4.0441236
8343,2.7369003
8344,4.189212
8345,3.950858
8346,3.4265535
8347,3.3344026
8348,3.9797354
8349,3.9718487
8350,3.336019
8351,4.099577
8352,3.5945067
8353,3.2379844
8354,4.138394
8355,3.7382913
8356,4.2908
8357,3.8963423
8358,3.8304877
8359,3.7201383
8360,3.8048303
8361,3.8520715
8362,3.9911244
8363,3.8231614
8364,3.383342
8365,3.7845933
8366,3.7296717
8367,4.0672765
8368,4.0397983
8369,3.3069878
8370,3.098751
8371,4.270406
8372,3.7589135
8373,2.7097208
8374,3.0428417
8375,4.2035694
8376,4.415329
8377,4.0392895
8378,3.803215
8379,4.238164
8380,3.7224872
8381,4.321369
8382,3.862408
8383,4.1686525
8384,3.560814
8385,3.9723115
8386,4.29259
8387,4.02658
8388,3.9730244
8389,3.571204
8390,4.271311
8391,3.5952408
8392,3.4323285
8393,4.134349
8394,4.2117434
8395,4.145837
8396,3.6584344
8397,4.003541
8398,3.5371687
8399,4.2061696
8400,4.275347
8401,4.4915853
8402,3.9506207
8403,4.2396364
8404,3.886871
8405,4.3442574
8406,4.1399555
8407,3.7529058
8408,4.553812
8409,4.0139813
8410,3.9202483
8411,4.0620656
8412,3.8990326
8413,3.9446747
8414,4.2385387
8415,3.5378685
8416,4.022128
8417,3.9437232
8418,4.379285
8419,3.5638552
8420,3.8542757
8421,3.9786148
8422,3.7206228
8423,4.121649
8424,3.0987394
8425,4.0385776
8426,4.19542
8427,3.872419
8428,4.244565
8429,3.9396598
8430,4.207097
8431,3.918533
8432,4.149457
8433,3.9860754
8434,3.999658
8435,3.7222707
8436,3.345896
8437,4.1151876
8438,4.0981593
8439,3.4568253
8440,3.0804017
8441,4.240637
8442,4.0565786
8443,4.0611925
8444,3.992182
8445,3.320106
8446,4.019186
8447,3.6273823
8448,3.4817877
8449,3.7026339
8450,3.661204
8451,3.016282
8452,3.3583357
8453,4.098656
8454,3.9288394
8455,3.555253
8456,3.8211093
8457,3.7878165
8458,3.9289947
8459,4.4112616
8460,3.722074
8461,3.853079
8462,3.568769
8463,3.8962557
8464,3.57956
8465,3.699749
8466,4.28638
8467,2.5921385
8468,3.476461
8469,4.2199273
8470,3.7852035
8471,3.8240917
8472,4.208995
8473,4.0332365
8474,4.032233
8475,3.6741018
8476,4.344102
8477,4.1096735
8478,3.854419
8479,4.0482874
8480,3.200292
8481,4.016547
8482,3.4935842
8483,3.7720478
8484,4.3780537
8485,3.783039
8486,4.5377316
8487,3.9802177
8488,4.077082
8489,4.6604195
8490,4.070627
8491,3.9462125
8492,4.208812
8493,4.2786646
8494,3.1933835
8495,4.1398764
8496,4.5029807
8497,3.081481
8498,3.4874563
8499,4.230197
8500,3.6779125
8501,4.1092577
8502,3.2520943
8503,4.0028358
8504,3.5010762
8505,2.8494186
8506,4.0920944
8507,4.112203
8508,3.5674002
8509,4.384458
8510,4.0023766
8511,4.0958242
8512,4.18938
8513,4.0745096
8514,4.301836
8515,3.7939026
8516,3.6519742
8517,3.7260551
8518,2.9627454
8519,4.1114674
8520,4.107726
8521,3.9844098
8522,3.104791
8523,3.7556186
8524,3.6442313
8525,4.042675
8526,4.5430455
8527,3.6209884
8528,3.4219623
8529,4.0020313
8530,4.19307
8531,4.103967
8532,3.8810372
8533,4.0049753
8534,4.1661386
8535,4.0656934
8536,3.6398575
8537,3.518466
8538,3.7253501
8539,4.145604
8540,4.132102
8541,4.085213
8542,3.5281587
8543,3.419198
8544,4.0915003
8545,4.0364265
8546,3.9603279
8547,3.9115446
8548,4.37559
8549,2.6219585
8550,3.8796022
8551,4.060241
8552,4.194195
8553,4.2479515
8554,3.7961977
8555,4.6588926
8556,3.8783674
8557,3.9441857
8558,3.8757687
8559,3.9384644
8560,2.9366498
8561,3.9593556
8562,4.354768
8563,3.7390728
8564,3.901257
8565,4.081787
8566,3.9936223
8567,4.277361
8568,3.7081754
8569,2.7797062
8570,4.1480675
8571,3.9420109
8572,3.3654037
8573,1.6203765
8574,3.8426661
8575,4.0738306
8576,3.8244162
8577,3.8485518
8578,3.8697186
8579,4.1723614
8580,4.3269916
8581,3.9253776
8582,3.87675
8583,4.351893
8584,3.6627514
8585,3.9963706
8586,4.2220697
8587,3.7715964
8588,4.238532
8589,4.3302054
8590,4.1442575
8591,4.3118887
8592,4.040529
8593,3.8887002
8594,3.9274144
8595,2.9793496
8596,4.282645
8597,3.865166
8598,3.6878774
8599,3.784482
8600,3.7990222
8601,3.172145
8602,3.1309056
8603,3.646028
8604,3.7991562
8605,3.5602343
8606,3.8842924
8607,4.1419697
8608,3.8886797
8609,4.410507
8610,3.1812663
8611,4.3236856
8612,3.7731416
8613,3.833214
8614,3.8569982
8615,4.360937
8616,4.2510014
8617,3.9202561
8618,3.8723445
8619,4.2440495
8620,4.1448245
8621,2.5462344
8622,4.243122
8623,4.6405787
8624,3.4463434
8625,2.8612316
8626,4.0835075
8627,4.3006754
8628,4.2256927
8629,4.010369
8630,4.2505674
8631,3.682068
8632,2.990663
8633,3.8562381
8634,3.73968
8635,3.100821
8636,3.741593
8637,3.6207108
8638,4.155012
8639,3.2657406
8640,3.334155
8641,4.071587
8642,3.3211
8643,3.630132
8644,4.334165
8645,3.3559337
8646,3.823627
8647,3.6392646
8648,4.148404
8649,4.3920226
8650,3.7122545
8651,4.192383
8652,3.0791626
8653,3.8593538
8654,4.224065
8655,3.1383154
8656,4.0418606
8657,4.1533785
8658,2.6923983
8659,3.4544294
8660,4.0797796
8661,4.1429634
8662,4.1142426
8663,4.4078608
8664,3.4260077
8665,3.9992793
8666,4.122903
8667,4.259656
8668,4.003853
8669,3.4253461
8670,3.761247
8671,3.5076966
8672,4.0454993
8673,2.6491148
8674,4.3580484
8675,3.0830953
8676,3.9674835
8677,3.7441204
8678,3.897597
8679,3.9872432
8680,3.3576188
8681,3.5506482
8682,3.840783
8683,3.8199942
8684,4.126072
8685,3.67445
8686,4.124817
8687,4.0254965
8688,4.142932
8689,4.089902
8690,3.9729636
8691,4.168289
8692,4.1631107
8693,3.8022096
8694,2.8955069
8695,3.9248972
8696,4.118037
8697,4.078334
8698,3.9416277
8699,3.8429782
8700,4.2106133
8701,4.299141
8702,4.0460844
8703,4.1147275
8704,3.8925896
8705,3.6499517
8706,3.4769216
8707,4.261067
8708,4.192827
8709,3.4109082
8710,4.1156874
8711,3.510782
8712,4.1145387
8713,4.2894316
8714,3.6515038
8715,4.217049
8716,3.9688153
8717,4.182379
8718,3.3905988
8719,4.189199
8720,3.6787798
8721,3.6242504
8722,4.013754
8723,3.4893012
8724,4.2408805
8725,3.2328146
8726,3.8678262
8727,3.9359536
8728,3.661058
8729,4.3594704
8730,3.0114412
8731,3.8476694
8732,3.9622357
8733,4.1012115
8734,3.5997386
8735,4.018573
8736,3.0628297
8737,4.178787
8738,4.1216984
8739,4.122894
8740,3.7629025
8741,3.5328722
8742,3.9218864
8743,3.9151247
8744,3.5467615
8745,3.952667
8746,4.041846
8747,4.2151175
8748,4.4870777
8749,4.1381645
8750,3.9817076
8751,4.155801
8752,3.2774153
8753,4.1109104
8754,3.574512
8755,4.1805716
8756,2.6006536
8757,4.311591
8758,4.092984
8759,4.3511405
8760,3.4815252
8761,3.451677
8762,2.1472728
8763,4.083354
8764,3.716508
8765,3.831109
8766,4.337096
8767,4.059081
8768,3.8392606
8769,3.796692
8770,4.023485
8771,4.4490213
8772,3.9105475
8773,4.3755884
8774,4.0924463
8775,3.9441254
8776,4.147794
8777,4.109837
8778,3.718209
8779,3.38466
8780,3.7360451
8781,3.246147
8782,4.4027376
8783,4.2617044
8784,4.104877
8785,4.2564206
8786,4.0352206
8787,3.0461848
8788,3.496093
8789,3.8211493
8790,4.023006
8791,2.701297
8792,3.4738166
8793,4.0897245
8794,4.180333
8795,4.1718383
8796,4.3123837
8797,3.0235143
8798,3.8230975
8799,4.2060623
8800,3.7005694
8801,3.899452
8802,2.7326984
8803,4.0666347
8804,3.6333108
8805,3.4130113
8806,3.85914
8807,3.9004877
8808,4.614028
8809,3.9083622
8810,4.2334065
8811,2.9528656
8812,4.059558
8813,4.487794
8814,3.579888
8815,4.4385996
8816,3.5339248
8817,3.5715346
8818,3.720595
8819,3.7714753
8820,2.6570814
8821,4.069871
8822,3.420039
8823,4.1750755
8824,4.075158
8825,3.3436327
8826,3.7465289
8827,3.9681983
8828,3.787035
8829,3.3486567
8830,3.413361
8831,4.3138456
8832,3.4950726
8833,4.227261
8834,3.791344
8835,3.8334067
8836,3.5945368
8837,3.921349
8838,4.0828505
8839,3.9328363
8840,4.2152853
8841,4.248209
8842,4.432287
8843,4.2581663
8844,3.6770322
8845,4.5117264
8846,4.106294
8847,3.3700135
8848,3.6220837
8849,3.0970914
8850,2.450655
8851,4.121978
8852,3.4498265
8853,3.8618462
8854,3.8461785
8855,3.1517987
8856,3.8291793
8857,4.010043
8858,3.4137676
8859,3.500419
8860,3.9936502
8861,3.3151817
8862,3.6888576
8863,3.9946368
8864,3.9523633
8865,4.095005
8866,4.107674
8867,3.9300718
8868,4.112357
8869,3.6312299
8870,4.182766
8871,3.8520892
8872,4.1171827
8873,3.4037406
8874,3.2915158
8875,3.8100102
8876,3.6522923
8877,4.4073715
8878,4.27734
8879,4.0265636
8880,3.7670274
8881,4.0972304
8882,3.6352568
8883,3.0888772
8884,3.9983368
8885,3.7204533
8886,3.2426398
8887,3.493974
8888,4.514988
8889,3.620834
8890,4.2081056
8891,4.086138
8892,3.5891716
8893,3.9890635
8894,3.8584015
8895,4.5315156
8896,4.1359262
8897,3.9159927
8898,3.7029643
8899,4.2832837
8900,3.7781484
8901,4.157117
8902,3.6212008
8903,3.889702
8904,3.7235572
8905,3.765656
8906,3.2600043
8907,4.026843
8908,2.7239351
8909,4.1733317
8910,4.201911
8911,4.2426543
8912,4.451355
8913,4.2450457
8914,4.2894955
8915,4.3935523
8916,3.8329647
8917,3.4249344
8918,4.200203
8919,4.2314053
8920,3.530853
8921,3.5530488
8922,4.0963492
8923,3.7395153
8924,4.0499144
8925,3.8351867
8926,4.2313867
8927,4.0888176
8928,3.2896333
8929,4.2661242
8930,4.3861322
8931,3.3309734
8932,4.1257777
8933,2.9932163
8934,4.1168222
8935,3.7316976
8936,3.7956543
8937,3.4550786
8938,3.8014495
8939,3.8574266
8940,3.925953
8941,3.4705362
8942,3.8921478
8943,3.6213434
8944,3.4648077
8945,4.029112
8946,4.151869
8947,3.7909005
8948,4.0925674
8949,3.947776
8950,3.7126968
8951,3.1083243
8952,4.2940593
8953,3.7178962
8954,4.035735
8955,3.6726832
8956,3.5234952
8957,4.1613145
8958,4.131482
8959,4.136969
8960,4.2396364
8961,3.7282007
8962,4.2403493
8963,3.8382676
8964,4.1620083
8965,4.0953646
8966,3.9954126
8967,4.1933093
8968,3.8494234
8969,4.202742
8970,4.0254283
8971,4.010309
8972,2.9629767
8973,3.4568512
8974,4.099171
8975,3.9811542
8976,4.110112
8977,4.1354046
8978,3.8892934
8979,4.35377
8980,3.2952669
8981,4.110526
8982,3.3698971
8983,4.213464
8984,3.7094212
8985,4.1766577
8986,4.1418486
8987,3.9763634
8988,4.331208
8989,4.35807
8990,3.601874
8991,4.279994
8992,4.0062037
8993,3.281212
8994,3.880985
8995,4.162225
8996,3.6686082
8997,3.6835732
8998,3.8564818
8999,4.082098
9000,3.9671676
9001,3.957578
9002,4.4608994
9003,4.1264477
9004,2.991
9005,4.0860124
9006,4.1603928
9007,3.5570261
9008,3.585062
9009,3.6454272
9010,4.2540455
9011,4.0827074
9012,4.0577617
9013,3.5802655
9014,3.8271914
9015,3.846335
9016,4.209923
9017,4.1713586
9018,4.011903
9019,3.5385025
9020,3.9566212
9021,4.215202
9022,4.3134212
9023,3.0124753
9024,3.909674
9025,3.5910761
9026,4.329706
9027,3.3457572
9028,4.036702
9029,3.2380092
9030,3.9570048
9031,4.0535173
9032,4.330954
9033,2.9584641
9034,4.390628
9035,4.1671968
9036,3.5597122
9037,4.16677
9038,3.9867964
9039,2.535244
9040,3.7732556
9041,3.9275112
9042,3.397359
9043,3.9915457
9044,3.3911846
9045,3.537126
9046,3.6257858
9047,2.0250983
9048,4.2183714
9049,4.0263
9050,4.2248406
9051,4.0543365
9052,3.657042
9053,4.036765
9054,3.067451
9055,3.9413552
9056,3.7610407
9057,4.3032856
9058,3.9235904
9059,3.9063265
9060,4.008684
9061,4.032528
9062,3.646111
9063,3.8323128
9064,3.8706763
9065,3.9368317
9066,3.423894
9067,3.8844528
9068,3.9757473
9069,3.4957414
9070,4.1360807
9071,3.2322798
9072,4.033937
9073,4.2459335
9074,3.2932243
9075,3.1811574
9076,3.9585135
9077,4.2409387
9078,3.6705654
9079,4.092479
9080,3.732877
9081,4.23201
9082,3.7608066
9083,3.9632761
9084,4.085822
9085,4.0821514
9086,3.7142577
9087,4.45642
9088,3.6135583
9089,4.1514482
9090,3.7988799
9091,3.164826
9092,3.9907694
9093,3.703258
9094,3.8899934
9095,3.8071334
9096,4.099291
9097,3.6310701
9098,3.828244
9099,3.570834
9100,4.1536417
9101,4.1426783
9102,4.3144054
9103,3.9902935
9104,3.6527796
9105,3.3721335
9106,3.6248515
9107,3.9181
9108,4.3593616
9109,4.2485766
9110,3.8725164
9111,4.3081217
9112,3.7503228
9113,4.1000996
9114,4.082882
9115,3.739029
9116,3.9676836
9117,4.1595864
9118,4.198601
9119,4.259943
9120,4.165003
9121,3.8891985
9122,4.000899
9123,3.7160535
9124,3.57265
9125,3.870722
9126,3.7258346
9127,4.247219
9128,3.9138157
9129,3.543885
9130,2.3140702
9131,4.0200596
9132,3.7562141
9133,3.8534741
9134,3.9617007
9135,4.0605974
9136,4.1638203
9137,3.7073004
9138,3.977731
9139,3.3889868
9140,4.68652
9141,3.8062584
9142,4.186947
9143,3.3104765
9144,4.2697573
9145,3.8049629
9146,4.1556926
9147,2.3679247
9148,3.5563505
9149,4.281031
9150,3.8993256
9151,4.448426
9152,4.00955
9153,4.4041214
9154,4.1590967
9155,4.23294
9156,4.177255
9157,3.8513618
9158,3.825497
9159,3.9300663
9160,2.9216547
9161,3.2176385
9162,4.0276365
9163,4.1656113
9164,3.9877248
9165,4.1766195
9166,3.9025004
9167,3.6667218
9168,4.100358
9169,4.0104995
9170,4.08006
9171,3.3576088
9172,4.1458745
9173,4.162759
9174,3.8442242
9175,4.400964
9176,3.7019305
9177,4.2790203
9178,3.3665318
9179,3.8892624
9180,3.7966456
9181,4.1478577
9182,1.9579089
9183,4.265631
9184,3.405424
9185,3.3293676
9186,4.1014185
9187,3.6776414
9188,3.684293
9189,4.2134724
9190,2.260752
9191,4.0506907
9192,4.109526
9193,4.2337074
9194,4.0861244
9195,3.633972
9196,3.9259877
9197,4.0834346
9198,3.9644876
9199,4.313075
9200,3.8875053
9201,3.7365859
9202,3.8510866
9203,4.012721
9204,4.2404175
9205,4.0120654
9206,4.441312
9207,3.5614707
9208,3.9877741
9209,3.959156
9210,4.3831496
9211,3.3812237
9212,3.8597713
9213,3.7692068
9214,4.0464993
9215,4.144124
9216,4.1206455
9217,3.9034612
9218,3.809804
9219,4.195591
9220,3.8362007
9221,4.075013
9222,3.337929
9223,3.8297324
9224,3.444641
9225,3.6644073
9226,4.201912
9227,2.0566902
9228,3.1782584
9229,3.7830298
9230,4.0821376
9231,3.7084508
9232,4.0238304
9233,4.119954
9234,3.9442732
9235,2.4792738
9236,4.140152
9237,3.8558455
9238,3.6374223
9239,3.9023762
9240,3.932976
9241,4.4848466
9242,3.8367658
9243,4.038712
9244,3.3897252
9245,3.6989553
9246,4.164857
9247,4.0426216
9248,4.5793076
9249,4.262867
9250,4.111578
9251,3.4943843
9252,4.5339146
9253,3.4103758
9254,3.7845068
9255,4.2597046
9256,3.9871774
9257,4.1832895
9258,3.540141
9259,4.001048
9260,4.1015396
9261,3.851172
9262,3.82886
9263,2.8241627
9264,3.5721972
9265,4.2436333
9266,3.9098692
9267,3.7637625
9268,4.18458
9269,3.9045873
9270,4.4869556
9271,4.1075845
9272,4.1008368
9273,3.6359036
9274,2.6629066
9275,4.363536
9276,4.1199675
9277,3.9489954
9278,3.126529
9279,4.209461
9280,3.2907016
9281,3.920419
9282,4.0859137
9283,3.3854444
9284,4.1708746
9285,3.7324357
9286,3.821039
9287,4.232302
9288,2.6744826
9289,3.586041
9290,3.7146647
9291,4.215629
9292,3.4054441
9293,3.5885909
9294,3.6668634
9295,2.4336843
9296,4.4102974
9297,3.946761
9298,3.7182357
9299,3.305824
9300,3.695885
9301,4.275385
9302,4.1386766
9303,4.2745733
9304,3.1649363
9305,3.8635452
9306,3.9184728
9307,3.9808056
9308,4.2479515
9309,4.0387955
9310,3.3854644
9311,4.3160257
9312,3.0620515
9313,4.333808
9314,3.8239374
9315,3.327313
9316,4.049935
9317,3.835988
9318,3.7098293
9319,4.1692333
9320,3.6729512
9321,4.2992787
9322,3.9457636
9323,3.9801075
9324,2.935324
9325,3.7412024
9326,3.865701
9327,4.390563
9328,3.3038783
9329,4.0003037
9330,3.522662
9331,3.9396067
9332,4.140959
9333,4.154975
9334,3.7211864
9335,3.4367154
9336,3.7922938
9337,4.2333317
9338,4.033168
9339,4.0385695
9340,4.081738
9341,2.900399
9342,3.9902878
9343,3.7325504
9344,3.8493497
9345,3.545442
9346,3.833646
9347,3.3304102
9348,3.3208787
9349,4.078414
9350,3.625202
9351,4.0170445
9352,3.9534984
9353,3.177881
9354,3.8696284
9355,4.224262
9356,3.838146
9357,4.268185
9358,4.1731253
9359,3.6105347
9360,2.7305565
9361,4.070527
9362,4.211891
9363,4.0582237
9364,3.435503
9365,3.3768713
9366,3.9903545
9367,4.1479263
9368,4.4888525
9369,3.9440112
9370,4.287593
9371,3.9146066
9372,4.043515
9373,3.9693236
9374,3.162486
9375,3.9825177
9376,3.448846
9377,3.9312003
9378,3.8184693
9379,4.381915
9380,3.8788269
9381,4.095063
9382,4.2860003
9383,3.2566001
9384,4.1121883
9385,3.7999623
9386,4.2795177
9387,4.4144926
9388,4.404125
9389,4.285671
9390,4.065197
9391,3.4437194
9392,3.6224837
9393,4.1153116
9394,4.1515293
9395,3.2651513
9396,3.969599
9397,4.2855053
9398,3.7119832
9399,3.400079
9400,3.909567
9401,3.8907301
9402,3.8404179
9403,4.244091
9404,3.767437
9405,4.17274
9406,3.8783433
9407,2.9272943
9408,4.2808437
9409,3.9595544
9410,4.0789537
9411,4.1475277
9412,3.151988
9413,4.209779
9414,4.119973
9415,3.8928895
9416,3.4852946
9417,3.6226308
9418,4.3634906
9419,3.4534986
9420,4.177743
9421,4.0337915
9422,3.8044033
9423,3.7046006
9424,3.4474535
9425,3.908167
9426,3.828316
9427,3.9075117
9428,3.9722311
9429,3.2172296
9430,3.377672
9431,3.3377755
9432,4.0154476
9433,3.9004846
9434,3.6089373
9435,3.427919
9436,3.7700112
9437,3.695463
9438,3.6858768
9439,3.9657571
9440,2.8170867
9441,4.225565
9442,3.7723293
9443,4.176689
9444,4.2877545
9445,4.296434
9446,4.382012
9447,3.8697588
9448,4.1375694
9449,4.1875772
9450,3.1067643
9451,4.2359877
9452,4.217019
9453,4.1376095
9454,4.024686
9455,3.7417223
9456,3.992008
9457,4.4714365
9458,3.940573
9459,3.8119602
9460,4.142746
9461,3.2780714
9462,3.997709
9463,3.840841
9464,3.5413704
9465,4.104445
9466,3.4010375
9467,3.8552017
9468,4.131866
9469,3.805119
9470,3.9017892
9471,3.4896414
9472,4.074597
9473,3.3218012
9474,4.2768345
9475,3.606152
9476,4.353819
9477,4.673633
9478,3.339235
9479,3.9991448
9480,4.191559
9481,2.2259102
9482,4.3873615
9483,4.049003
9484,4.3753605
9485,3.7318616
9486,4.193783
9487,3.3212683
9488,4.221266
9489,3.7035725
9490,4.226758
9491,4.186164
9492,3.9586024
9493,3.618496
9494,2.9024553
9495,4.438995
9496,3.6393166
9497,3.7117486
9498,4.3114767
9499,3.1259418
9500,3.6991086
9501,4.0547686
9502,4.2519636
9503,3.777145
9504,3.9628212
9505,4.2435026
9506,3.959654
9507,3.6904235
9508,3.3952837
9509,3.325309
9510,4.151743
9511,3.8572407
9512,4.1158752
9513,3.8221831
9514,3.7182674
9515,3.9796631
9516,4.0654125
9517,3.1117158
9518,3.8190107
9519,4.028681
9520,3.9890182
9521,3.877427
9522,3.125687
9523,3.6661127
9524,4.031143
9525,3.2192006
9526,3.7365704
9527,3.418788
9528,3.3417432
9529,3.819188
9530,4.153137
9531,4.18494
9532,3.5204806
9533,3.4605124
9534,3.102002
9535,2.6783416
9536,4.024452
9537,3.8590813
9538,3.966065
9539,3.5759583
9540,3.0911295
9541,3.589361
9542,4.121625
9543,3.5257113
9544,3.1579227
9545,3.8398716
9546,4.0323415
9547,3.3785102
9548,4.1560373
9549,3.0270517
9550,4.25494
9551,3.271159
9552,3.8729615
9553,4.223926
9554,3.9798818
9555,4.033794
9556,3.5252678
9557,2.294621
9558,3.8941932
9559,4.20328
9560,3.514713
9561,4.3952646
9562,4.191063
9563,4.0604286
9564,3.6061237
9565,4.340412
9566,4.1108994
9567,3.4742885
9568,4.407018
9569,4.1595383
9570,3.8952508
9571,3.9651167
9572,4.0157557
9573,3.5641232
9574,3.7742252
9575,4.229819
9576,4.134996
9577,4.346865
9578,3.9019814
9579,4.030921
9580,4.2153015
9581,4.165576
9582,3.5941086
9583,4.107825
9584,3.2508585
9585,4.275023
9586,3.5596576
9587,3.6783714
9588,3.7132294
9589,4.0408387
9590,4.6003327
9591,3.4377685
9592,3.6787066
9593,4.0242167
9594,3.9469922
9595,4.0321045
9596,3.8109055
9597,3.8952906
9598,3.77395
9599,3.062968
9600,4.364279
9601,4.2945805
9602,3.9545476
9603,4.1298084
9604,3.3047864
9605,3.8247814
9606,4.118656
9607,3.9438174
9608,3.4851072
9609,4.025831
9610,3.8724697
9611,3.6741703
9612,3.9457788
9613,4.4274645
9614,4.0722804
9615,3.9698722
9616,4.126009
9617,3.9296432
9618,3.9705284
9619,3.771625
9620,4.014962
9621,3.6912804
9622,3.0087676
9623,3.562455
9624,4.146351
9625,3.9513497
9626,4.4361286
9627,4.198331
9628,4.048254
9629,3.6851897
9630,3.85735
9631,4.413189
9632,3.873164
9633,4.3015285
9634,3.926679
9635,2.220602
9636,3.7268739
9637,3.1666613
9638,3.8269014
9639,4.1067553
9640,4.0106735
9641,4.135617
9642,3.8491988
9643,4.3477488
9644,4.0590053
9645,3.3543248
9646,4.478204
9647,3.565374
9648,3.8814638
9649,4.315095
9650,3.3885453
9651,3.9772794
9652,3.9650989
9653,3.8009691
9654,3.9250627
9655,3.78696
9656,3.9827645
9657,4.186885
9658,4.1856613
9659,3.8935497
9660,3.949613
9661,4.2149453
9662,4.062526
9663,4.3478103
9664,4.1557508
9665,4.250636
9666,4.090625
9667,3.834766
9668,3.9051938
9669,4.051999
9670,3.6527867
9671,3.6331365
9672,3.5819726
9673,4.0687304
9674,3.5206828
9675,3.7211933
9676,4.12838
9677,2.7080903
9678,4.063466
9679,3.8582106
9680,4.018779
9681,4.1314945
9682,3.9879556
9683,4.1948137
9684,4.238737
9685,4.129445
9686,4.1708207
9687,3.7398846
9688,4.330572
9689,4.1512957
9690,3.3577685
9691,4.220936
9692,4.0090866
9693,3.963295
9694,3.9193308
9695,3.7634282
9696,3.8573325
9697,4.2644515
9698,3.8543346
9699,3.782565
9700,4.1977744
9701,3.58892
9702,4.1454344
9703,3.1189253
9704,2.81514
9705,4.7018304
9706,4.201627
9707,4.194744
9708,3.6940327
9709,3.872237
9710,4.1931934
9711,4.553993
9712,2.6984603
9713,4.112771
9714,3.7488685
9715,3.7155004
9716,4.0241613
9717,3.7590458
9718,3.9966645
9719,4.3578467
9720,3.8953125
9721,3.8738286
9722,4.115058
9723,3.655626
9724,4.2548504
9725,3.3427517
9726,3.43414
9727,2.8861642
9728,3.3118753
9729,3.3603973
9730,3.9379268
9731,4.080593
9732,4.1838555
9733,3.6224837
9734,3.906616
9735,4.2074475
9736,3.7476482
9737,3.8113413
9738,4.0215816
9739,3.4897053
9740,4.4676456
9741,4.043716
9742,3.7369945
9743,3.4554427
9744,4.010723
9745,3.5668042
9746,3.92165
9747,3.9108524
9748,4.267188
9749,3.993594
9750,2.4217174
9751,4.070116
9752,4.1741123
9753,3.7886815
9754,4.157029
9755,3.7395098
9756,4.355653
9757,4.1935124
9758,3.6791961
9759,4.369331
9760,3.8348649
9761,4.1620083
9762,4.2656393
9763,4.5242558
9764,3.834219
9765,3.601367
9766,3.6614938
9767,4.1632156
9768,4.149895
9769,3.7698722
9770,4.274618
9771,3.5609696
9772,3.7464702
9773,3.3947527
9774,3.274126
9775,3.3004806
9776,4.186416
9777,3.8827004
9778,3.9347334
9779,4.199342
9780,3.6714458
9781,4.185053
9782,4.057743
9783,3.8788376
9784,3.717297
9785,3.9784358
9786,3.4574447
9787,3.667613
9788,3.280291
9789,4.2630515
9790,4.4938955
9791,3.6143396
9792,3.914934
9793,2.9274263
9794,3.9490108
9795,4.0819664
9796,3.5690722
9797,3.14221
9798,4.1725345
9799,3.904998
9800,3.9547937
9801,3.8215113
9802,4.262389
9803,4.030981
9804,4.1353846
9805,3.846489
9806,4.570151
9807,4.296372
9808,4.075839
9809,4.237612
9810,4.162946
9811,3.577887
9812,4.195608
9813,3.8869605
9814,3.7408836
9815,3.8862743
9816,3.940333
9817,3.9574955
9818,3.7367206
9819,4.063434
9820,3.7889154
9821,3.632525
9822,4.157515
9823,3.5936322
9824,3.4274864
9825,4.265027
9826,3.9267628
9827,4.1323004
9828,4.1975107
9829,4.1698923
9830,3.743091
9831,4.3749175
9832,4.044881
9833,4.0572376
9834,4.6353607
9835,4.282326
9836,4.1063232
9837,3.7855127
9838,4.2987084
9839,2.7878966
9840,4.348934
9841,3.4635525
9842,4.018113
9843,4.297724
9844,4.2006807
9845,4.0767264
9846,3.4409428
9847,3.4866762
9848,4.1373844
9849,3.9354122
9850,4.5199294
9851,4.3033876
9852,4.3726673
9853,3.1464202
9854,3.0700705
9855,4.0179625
9856,4.1848364
9857,4.250163
9858,3.807123
9859,4.0990295
9860,3.8699856
9861,4.1563444
9862,4.212357
9863,4.0369983
9864,3.9565156
9865,4.0055733
9866,2.830295
9867,3.62922
9868,3.6857834
9869,4.135872
9870,4.0781045
9871,4.038672
9872,4.11907
9873,3.559234
9874,4.22701
9875,4.3115516
9876,3.5377896
9877,4.1610117
9878,4.30684
9879,4.023567
9880,4.0886364
9881,3.8761077
9882,3.860488
9883,3.6711628
9884,4.144427
9885,4.1191597
9886,3.8033824
9887,4.3128767
9888,3.960925
9889,3.918168
9890,4.325551
9891,3.4571984
9892,4.107242
9893,4.6832104
9894,4.1593695
9895,4.150575
9896,4.1160135
9897,3.9337912
9898,3.2669058
9899,4.334009
9900,3.4695394
9901,3.66906
9902,3.0613534
9903,4.1734486
9904,3.0986972
9905,4.0196815
9906,3.9749453
9907,4.172084
9908,4.078637
9909,3.9739833
9910,4.2786574
9911,3.6318474
9912,4.299648
9913,4.36543
9914,3.7545516
9915,4.2768345
9916,4.136497
9917,3.2128088
9918,3.9530504
9919,4.205013
9920,3.871309
9921,4.0791736
9922,3.2064648
9923,4.108044
9924,3.8232968
9925,3.894905
9926,3.8199456
9927,3.8485074
9928,3.7740672
9929,4.1961956
9930,4.116219
9931,3.9991136
9932,3.96588
9933,3.9230115
9934,3.566997
9935,2.0435915
9936,4.0829363
9937,4.3386655
9938,4.393881
9939,3.9141436
9940,4.068927
9941,3.5311587
9942,3.786011
9943,4.055555
9944,3.7494943
9945,4.6840167
9946,2.800666
9947,4.0736804
9948,2.8361058
9949,4.3159122
9950,3.8545961
9951,3.8862836
9952,4.162088
9953,3.986777
9954,2.1603522
9955,4.056079
9956,4.2367063
9957,4.316703
9958,4.0700173
9959,4.353999
9960,3.700725
9961,4.3185854
9962,4.1344295
9963,2.8489501
9964,4.0657024
9965,4.250908
9966,3.9835877
9967,4.2488527
9968,3.706085
9969,4.392715
9970,2.7481828
9971,3.9649694
9972,4.1488314
9973,3.3150482
9974,3.7255194
9975,4.246685
9976,3.8461246
9977,4.1602764
9978,2.8507154
9979,3.8854527
9980,4.3050876
9981,3.973555
9982,4.118663
9983,4.0005507
9984,3.843221
9985,4.1893835
9986,3.6984813
9987,4.1804323
9988,3.3201725
9989,2.3576903
9990,4.112958
9991,3.6788685
9992,3.7690418
9993,3.8122127
9994,3.4578736
9995,3.7719684
9996,4.136384
9997,4.2321787
9998,4.0206127
9999,3.8976016
10000,4.010232
10001,4.211907
10002,4.0704613
10003,4.0564556
10004,3.9502692
10005,3.8200772
10006,3.8619316
10007,2.0803208
10008,4.0256405
10009,4.144101
10010,4.1211195
10011,3.780839
10012,4.126034
10013,3.7300522
10014,3.6693423
10015,4.3755035
10016,3.6719067
10017,3.3330953
10018,2.7993054
10019,2.6759663
10020,3.838625
10021,4.2507353
10022,4.152707
10023,4.079131
10024,3.573182
10025,3.525491
10026,3.9503171
10027,3.2022836
10028,3.834706
10029,4.386277
10030,3.7936091
10031,3.9667923
10032,3.7211852
10033,3.897736
10034,3.9922075
10035,3.964136
10036,3.9350924
10037,4.1939945
10038,3.73081
10039,4.041326
10040,4.011602
10041,4.4900274
10042,3.889136
10043,4.324511
10044,4.401335
10045,3.9323366
10046,4.444355
10047,3.6981914
10048,3.9037812
10049,4.240919
10050,3.0357647
10051,4.218237
10052,4.0443583
10053,4.188346
10054,2.5050821
10055,2.7538145
10056,4.285738
10057,3.7339053
10058,4.4477563
10059,3.8879893
10060,4.0065584
10061,4.1999216
10062,3.9781775
10063,4.1095333
10064,3.9510138
10065,3.60632
10066,4.039752
10067,4.039948
10068,4.034835
10069,3.8669953
10070,3.6515656
10071,4.0681295
10072,3.916153
10073,3.963968
10074,4.0281825
10075,3.9904141
10076,4.102446
10077,3.9740047
10078,3.7139463
10079,4.072897
10080,3.7516408
10081,4.0461535
10082,4.271184
10083,4.0197887
10084,3.6116107
10085,3.800688
10086,4.295239
10087,4.376403
10088,4.2310624
10089,2.1299543
10090,3.8329883
10091,4.1831603
10092,3.985501
10093,3.965458
10094,3.9669895
10095,4.2718506
10096,3.7233381
10097,3.6197588
10098,4.3539295
10099,3.9508379
10100,3.764864
10101,3.2256374
10102,4.427985
10103,3.880988
10104,4.22995
10105,4.2505627
10106,3.9887893
10107,3.809395
10108,3.8572414
10109,3.9334626
10110,4.2587266
10111,4.008004
10112,4.22701
10113,4.1503344
10114,3.3963993
10115,4.333728
10116,3.443211
10117,4.6425223
10118,4.047762
10119,3.7308881
10120,3.7680461
10121,4.15891
10122,4.2746577
10123,3.5253181
10124,4.0125537
10125,2.7156878
10126,3.5359676
10127,3.7470236
10128,3.9304945
10129,4.155298
10130,4.0436544
10131,4.16603
10132,4.202861
10133,3.9190645
10134,2.984075
10135,3.6273482
10136,4.2358403
10137,2.7960315
10138,4.0148864
10139,4.179119
10140,4.4134293
10141,3.8935192
10142,3.2711225
10143,4.0577908
10144,3.8843226
10145,3.8820698
10146,4.1300945
10147,4.4198213
10148,3.8859994
10149,4.0179763
10150,3.2208154
10151,4.6399007
10152,4.133459
10153,3.7705617
10154,3.8293524
10155,3.7526278
10156,3.9209485
10157,3.9433837
10158,4.0926094
10159,3.8585162
10160,2.7132936
10161,4.1830378
10162,4.193163
10163,3.755399
10164,3.382354
10165,4.607362
10166,3.6909807
10167,3.8039603
10168,3.8369398
10169,3.572178
10170,3.5357947
10171,3.6989276
10172,3.5053678
10173,4.1873064
10174,4.033655
10175,4.032196
10176,3.611996
10177,4.311942
10178,3.800038
10179,3.6343322
10180,4.0195546
10181,3.6064916
10182,4.2657433
10183,3.8976135
10184,4.033695
10185,4.2956176
10186,4.1577597
10187,3.7046945
10188,4.0734644
10189,3.738986
10190,4.117938
10191,3.647829
10192,3.8197763
10193,4.28496
10194,4.210411
10195,4.1262817
10196,4.0204
10197,4.4377136
10198,3.828938
10199,3.615196
10200,4.3160377
10201,4.261544
10202,3.8399653
10203,4.0735006
10204,4.154994
10205,3.8192732
10206,3.6421108
10207,3.9524662
10208,4.1886516
10209,3.084351
10210,3.4190066
10211,3.9911034
10212,4.0527096
10213,4.2181854
10214,3.8141818
10215,3.9869654
10216,3.3437064
10217,3.7983978
10218,4.2383814
10219,4.0694933
10220,4.117625
10221,3.6561575
10222,4.1633425
10223,3.8641887
10224,3.6595943
10225,4.118149
10226,3.8627
10227,3.751097
10228,3.7740533
10229,3.8795092
10230,4.154338
10231,3.9192975
10232,4.2702923
10233,3.775913
10234,4.049548
10235,3.390033
10236,4.582556
10237,3.1739876
10238,3.9227252
10239,3.9564846
10240,2.8462298
10241,3.9931195
10242,3.9084198
10243,4.0247307
10244,3.6046624
10245,4.1362047
10246,4.30507
10247,4.304184
10248,3.652721
10249,4.125205
10250,3.7292845
10251,3.8649197
10252,4.0649424
10253,4.1961527
10254,3.6950483
10255,4.1486244
10256,3.7481039
10257,4.111165
10258,4.240325
10259,4.1269665
10260,4.1652203
10261,3.9147725
10262,3.8265219
10263,2.9024653
10264,4.179802
10265,3.6863694
10266,3.9395468
10267,3.7845495
10268,4.1130905
10269,4.3202543
10270,3.0966504
10271,3.2301154
10272,4.1650524
10273,3.9855273
10274,3.8998463
10275,3.7484381
10276,4.2385087
10277,4.4283447
10278,4.3901424
10279,4.0639305
10280,4.090666
10281,4.416034
10282,3.8325262
10283,3.8571365
10284,4.228138
10285,4.442796
10286,4.38415
10287,2.9941273
10288,4.017414
10289,4.2459335
10290,3.6506436
10291,4.1296315
10292,4.0814104
10293,3.9275718
10294,3.860826
10295,4.2256413
10296,4.5730057
10297,3.803614
10298,3.7563827
10299,4.250493
10300,3.8893082
10301,4.1799874
10302,4.089225
10303,3.129609
10304,4.102108
10305,4.068906
10306,3.593569
10307,3.991025
10308,4.173706
10309,4.0093126
10310,2.776202
10311,3.6596065
10312,3.4268398
10313,3.8970895
10314,4.33758
10315,4.079281
10316,3.9566772
10317,3.7439263
10318,3.7253149
10319,4.041847
10320,3.9504805
10321,3.8074906
10322,4.0241003
10323,4.134728
10324,4.2007723
10325,3.9953387
10326,3.9159422
10327,3.906028
10328,4.002595
10329,3.6330538
10330,3.875667
10331,4.168769
10332,4.0834265
10333,3.8306463
10334,3.7831063
10335,4.2235875
10336,3.994785
10337,4.269871
10338,3.0290787
10339,4.3878574
10340,3.911364
10341,4.319846
10342,3.818036
10343,4.2277794
10344,3.242575
10345,3.6506445
10346,3.6256864
10347,4.059328
10348,3.6921523
10349,4.17395
10350,3.4441326
10351,3.4471664
10352,4.155937
10353,3.133531
10354,4.2592688
10355,3.832602
10356,2.7654324
10357,3.866596
10358,4.378372
10359,3.4929035
10360,3.983345
10361,3.7876325
10362,3.5908465
10363,4.081242
10364,3.8167214
10365,4.065252
10366,2.9295895
10367,3.7905557
10368,3.5722668
10369,3.8297124
10370,4.086419
10371,3.7519968
10372,4.211979
10373,4.3650155
10374,3.7424517
10375,4.0707836
10376,3.6279407
10377,4.085801
10378,3.1588824
10379,4.141188
10380,4.124322
10381,4.269317
10382,4.1513214
10383,4.136068
10384,3.7647722
10385,4.225876
10386,3.604479
10387,4.448777
10388,3.784805
10389,3.923006
10390,2.8167613
10391,2.6588092
10392,3.4767146
10393,4.15269
10394,4.096883
10395,3.9597728
10396,4.152753
10397,4.214904
10398,2.265603
10399,3.434049
10400,3.7101128
10401,4.459184
10402,4.327495
10403,4.3901424
10404,4.06486
10405,4.262637
10406,4.1603174
10407,3.7751908
10408,3.567224
10409,4.1096835
10410,3.9180968
10411,3.9819858
10412,4.022457
10413,3.526466
10414,4.0927486
10415,3.7521138
10416,3.7458472
10417,3.0257976
10418,4.087734
10419,3.7076793
10420,3.9408903
10421,3.7171965
10422,3.5986261
10423,3.9927318
10424,3.9955268
10425,3.811744
10426,3.8420272
10427,4.3672132
10428,2.4537547
10429,3.9319968
10430,3.9375298
10431,3.9775622
10432,4.1874924
10433,4.17683
10434,4.315675
10435,4.0626326
10436,4.5985374
10437,3.6838348
10438,4.1192417
10439,3.8962393
10440,3.9360619
10441,3.9407268
10442,3.9554317
10443,3.7999258
10444,3.72867
10445,4.073576
10446,4.027442
10447,3.7785017
10448,4.056381
10449,4.239232
10450,4.389024
10451,3.7317405
10452,4.0159125
10453,3.7304192
10454,4.2222624
10455,3.9818392
10456,4.092925
10457,4.371519
10458,4.4933248
10459,4.307747
10460,4.272087
10461,4.2316227
10462,3.5161464
10463,4.0445666
10464,2.6949046
10465,4.107682
10466,4.26964
10467,3.9881783
10468,4.1191044
10469,3.8667107
10470,4.1411715
10471,3.856127
10472,4.250371
10473,4.1625366
10474,3.8586872
10475,4.134891
10476,3.4659705
10477,4.1800656
10478,3.9741147
10479,4.194602
10480,4.0513635
10481,4.1039867
10482,3.828666
10483,4.414583
10484,4.265027
10485,3.916352
10486,3.9703672
10487,3.4454548
10488,4.0217037
10489,4.010803
10490,3.695796
10491,4.292551
10492,4.0614724
10493,3.6089137
10494,3.846924
10495,4.0741405
10496,4.0398717
10497,3.8343356
10498,4.085575
10499,3.7901826
10500,4.065377
10501,3.843884
10502,4.008212
10503,4.1590967
10504,4.3524685
10505,4.367609
10506,3.7785852
10507,4.189451
10508,3.9358292
10509,3.3454218
10510,3.4818678
10511,3.752652
10512,4.231151
10513,2.802219
10514,3.899019
10515,4.1096735
10516,3.8858693
10517,4.22654
10518,3.9665143
10519,4.0762987
10520,4.1527863
10521,4.3216085
10522,4.038454
10523,3.8956816
10524,4.0515957
10525,3.7764883
10526,4.018177
10527,3.809282
10528,3.8015115
10529,3.785089
10530,4.5074325
10531,3.9842446
10532,4.0950522
10533,3.4467201
10534,4.235178
10535,3.6864285
10536,3.5911682
10537,3.3581665
10538,4.0381737
10539,4.6832113
10540,3.605805
10541,3.403441
10542,3.8546164
10543,4.1903677
10544,4.1526995
10545,3.6570008
10546,4.335462
10547,3.820266
10548,3.7984762
10549,4.0771294
10550,4.1305246
10551,3.6815076
10552,3.692481
10553,3.9226475
10554,4.629774
10555,4.007373
10556,3.2719693
10557,3.9169853
10558,3.4876444
10559,4.1612086
10560,3.4502232
10561,3.473056
10562,2.4985507
10563,2.5536351
10564,3.9845903
10565,3.5587115
10566,2.969604
10567,4.30746
10568,3.823025
10569,3.90166
10570,3.4598103
10571,3.150449
10572,4.222147
10573,4.176933
10574,3.949429
10575,3.7932277
10576,3.7456808
10577,4.2254915
10578,3.2107928
10579,3.5535505
10580,3.3619483
10581,2.9980142
10582,3.4078724
10583,4.1276712
10584,3.4893198
10585,4.0477304
10586,3.7772179
10587,4.1569443
10588,4.1238837
10589,3.7678325
10590,3.8522198
10591,4.38925
10592,4.048518
10593,3.6376746
10594,4.0946975
10595,4.195936
10596,4.0677776
10597,3.975881
10598,3.484674
10599,3.6429183
10600,3.8964965
10601,4.3231196
10602,4.216652
10603,4.040539
10604,4.0401335
10605,3.8916998
10606,3.487495
10607,4.3130608
10608,4.1831436
10609,4.057937
10610,3.9921935
10611,4.019527
10612,4.1866074
10613,3.6015508
10614,4.156289
10615,3.816615
10616,2.9455411
10617,3.7182128
10618,3.8573253
10619,3.719205
10620,4.5015454
10621,3.8881638
10622,4.049486
10623,3.765159
10624,3.3016675
10625,3.8817616
10626,3.5010252
10627,4.170621
10628,4.266782
10629,4.044774
10630,4.041726
10631,3.430258
10632,3.9221532
10633,4.164569
10634,4.3709025
10635,3.9881678
10636,3.4558244
10637,4.4041033
10638,4.092248
10639,3.410722
10640,4.2296133
10641,4.0723376
10642,3.4828317
10643,3.6632502
10644,4.3623447
10645,3.8378847
10646,3.595351
10647,4.2063036
10648,4.122047
10649,3.897531
10650,4.325661
10651,3.9641979
10652,3.084588
10653,3.949075
10654,3.3038898
10655,3.4963663
10656,4.2386713
10657,3.7774475
10658,4.272495
10659,3.7032983
10660,4.2206035
10661,4.064186
10662,3.8178403
10663,4.117502
10664,4.1562796
10665,2.685717
10666,3.6400077
10667,3.7875342
10668,4.021675
10669,2.005662
10670,4.342721
10671,3.5042632
10672,3.9094818
10673,3.9560149
10674,4.0161114
10675,3.6399095
10676,3.4016395
10677,4.324847
10678,4.1195536
10679,3.7705736
10680,3.7911193
10681,4.204896
10682,3.8692546
10683,4.191619
10684,3.960649
10685,3.5458183
10686,3.571915
10687,4.463111
10688,2.4437146
10689,3.4091282
10690,3.3887744
10691,4.1316686
10692,4.3077536
10693,3.7210877
10694,3.4660926
10695,4.22176
10696,3.8676522
10697,3.9768107
10698,3.9488664
10699,4.3030524
10700,4.1769543
10701,4.1171293
10702,3.9941447
10703,4.160798
10704,4.122745
10705,4.0343323
10706,4.103833
10707,3.8268354
10708,4.0782623
10709,4.3792214
10710,3.7152243
10711,3.6794395
10712,2.5745416
10713,4.1019864
10714,3.9100065
10715,3.9096673
10716,4.7176957
10717,3.8138165
10718,4.0537615
10719,4.083617
10720,3.718788
10721,4.0663223
10722,3.9487104
10723,3.9636924
10724,2.737063
10725,3.7527769
10726,4.342121
10727,4.077724
10728,3.7759726
10729,3.7733045
10730,4.1439714
10731,3.7623744
10732,4.372337
10733,3.0675797
10734,3.697205
10735,4.050041
10736,2.8839848
10737,3.5074868
10738,4.1794376
10739,4.0964575
10740,3.9007764
10741,3.2562711
10742,3.6324146
10743,3.6887379
10744,4.127816
10745,2.2217402
10746,4.0857744
10747,4.204517
10748,4.073284
10749,3.9007065
10750,4.021266
10751,3.919863
10752,4.195529
10753,4.2399645
10754,3.9295733
10755,4.02956
10756,3.8769078
10757,4.071121
10758,3.748074
10759,4.0999994
10760,3.73693
10761,4.032589
10762,3.6272385
10763,3.9108355
10764,4.155409
10765,3.9747312
10766,3.5352325
10767,4.4005504
10768,4.197935
10769,4.1658993
10770,2.22305
10771,4.1012135
10772,3.5886462
10773,4.2186065
10774,3.7403767
10775,3.5550792
10776,3.6291704
10777,4.363445
10778,4.2216854
10779,3.693382
10780,4.0299616
10781,3.159719
10782,4.0185995
10783,4.2530613
10784,3.5857317
10785,3.3607857
10786,4.1273375
10787,4.6170115
10788,4.3618927
10789,3.7992702
10790,3.8640764
10791,3.6599553
10792,4.1055655
10793,3.5646808
10794,3.9330246
10795,4.0961103
10796,3.1167095
10797,3.003835
10798,4.0993557
10799,3.7466743
10800,4.288433
10801,3.8535004
10802,3.1511903
10803,3.892355
10804,3.8001966
10805,4.1075134
10806,4.168597
10807,3.6339922
10808,3.834162
10809,4.034733
10810,4.0758853
10811,4.192524
10812,4.3864365
10813,4.01466
10814,4.119075
10815,4.013566
10816,4.3717036
10817,3.8741572
10818,2.9016707
10819,3.9955008
10820,3.7728708
10821,3.7975137
10822,4.298498
10823,4.293742
10824,4.4849
10825,3.5669937
10826,3.8184285
10827,3.794878
10828,3.8891943
10829,4.121552
10830,3.5380309
10831,4.1303883
10832,3.8707669
10833,4.3316116
10834,2.124099
10835,3.4629748
10836,3.908481
10837,4.0033054
10838,3.5872915
10839,3.8395536
10840,4.093033
10841,4.177866
10842,3.92813
10843,3.8200583
10844,4.159126
10845,4.007842
10846,2.6287978
10847,3.819136
10848,3.6246123
10849,4.04622
10850,4.0824375
10851,4.0299206
10852,3.9568372
10853,4.304928
10854,2.7442362
10855,4.0209284
10856,4.1689796
10857,4.027629
10858,4.1854625
10859,4.1187925
10860,4.0137267
10861,4.097827
10862,4.030641
10863,3.944792
10864,3.932963
10865,3.620286
10866,4.348549
10867,4.1353817
10868,3.7060473
10869,3.6793344
10870,3.8460913
10871,3.3298395
10872,3.5164227
10873,4.372031
10874,3.7815192
10875,4.323578
10876,3.7115502
10877,3.844192
10878,4.392869
10879,3.9212253
10880,3.9267762
10881,3.943197
10882,4.044401
10883,4.2983456
10884,4.4636183
10885,3.9944358
10886,4.1060295
10887,3.3899662
10888,3.7241526
10889,4.16828
10890,3.0337791
10891,4.3122196
10892,4.122978
10893,4.1749063
10894,3.8102088
10895,4.283164
10896,4.091092
10897,3.7274497
10898,3.803554
10899,3.4272957
10900,4.1160893
10901,4.1932325
10902,3.9923673
10903,3.6541395
10904,3.8113341
10905,3.5681186
10906,3.6141973
10907,3.8313143
10908,4.011654
10909,3.9527566
10910,4.430254
10911,4.052615
10912,3.8135262
10913,3.9869964
10914,4.232609
10915,3.9122403
10916,4.083724
10917,4.28013
10918,3.4663196
10919,3.7783706
10920,4.0306177
10921,3.4027858
10922,4.138608
10923,4.178787
10924,3.9565887
10925,4.1252823
10926,2.7211723
10927,3.7670002
10928,3.9328923
10929,4.118532
10930,4.0227613
10931,3.8870487
10932,4.058382
10933,3.5464182
10934,4.0531597
10935,2.769132
10936,4.1263328
10937,3.4462225
10938,3.2228503
10939,4.3697495
10940,3.8858335
10941,3.9174097
10942,3.9109428
10943,3.6702363
10944,2.8494368
10945,2.538344
10946,4.014267
10947,4.243364
10948,3.9012778
10949,4.3340197
10950,4.1568437
10951,3.862072
10952,4.113221
10953,3.7492533
10954,3.8444686
10955,3.7990932
10956,3.4149382
10957,3.9724398
10958,4.22474
10959,4.011303
10960,4.0519266
10961,4.1822863
10962,4.080722
10963,3.6590133
10964,4.3724413
10965,3.6400862
10966,4.1215715
10967,4.034981
10968,4.6875124
